{"cameraMode":{"drawMode":0,"name":"Shaded","section":"Shading Mode"},"sceneLighting":true,"audioPlay":false,"sceneViewState":{"showFog":true,"showMaterialUpdate":false,"showSkybox":true,"showFlares":true,"showImageEffects":true,"showParticleSystems":true,"showVisualEffectGraphs":true,"m_FxEnabled":true},"in2DMode":false,"pivot":{"x":0.31143417954444888,"y":0.529589056968689,"z":-0.2519599497318268},"rotation":{"x":-0.12358003854751587,"y":0.8753810524940491,"z":-0.35249286890029909,"w":-0.3068992495536804},"size":5.4339752197265629,"orthographic":false}