{"cameraMode":{"drawMode":0,"name":"Shaded","section":"Shading Mode"},"sceneLighting":true,"audioPlay":false,"sceneViewState":{"showFog":true,"showMaterialUpdate":false,"showSkybox":true,"showFlares":true,"showImageEffects":true,"showParticleSystems":true,"showVisualEffectGraphs":true,"m_FxEnabled":true},"in2DMode":false,"pivot":{"x":-0.4350402355194092,"y":0.13159775733947755,"z":0.10216379165649414},"rotation":{"x":-0.12892365455627442,"y":0.8585586547851563,"z":-0.2630544602870941,"w":-0.4207826554775238},"size":2.0660252571105959,"orthographic":false}