{"cameraMode":{"drawMode":0,"name":"Shaded","section":"Shading Mode"},"sceneLighting":true,"audioPlay":false,"sceneViewState":{"showFog":true,"showMaterialUpdate":false,"showSkybox":true,"showFlares":true,"showImageEffects":true,"showParticleSystems":true,"showVisualEffectGraphs":true,"m_FxEnabled":true},"in2DMode":false,"pivot":{"x":-0.17870032787322999,"y":0.060233116149902347,"z":-0.12100505828857422},"rotation":{"x":-0.11971040070056915,"y":0.8754532337188721,"z":-0.2783187925815582,"w":-0.3765498697757721},"size":2.0660252571105959,"orthographic":false}